{
  "ext/controller/AssegnaPezze.js.map": 1747991133782,
  "ext/controller/ChangeWorkCenter.js": 1743587392177,
  "ext/controller/ComponentAssegnaPezze.js": 1746630469217,
  "ext/controller/CombinedDetail.controller.js": 1746623457205,
  "ext/controller/Pezze.controller.js": 1746630518780,
  "ext/controller/AssegnaPezze.js": 1743695661237,
  "ext/main/Main.controller.js": 1747036041181,
  "manifest.json": 1747991133650,
  "Component.js": 1743154843961,
  "Component-dbg.js": 1743154843961,
  "Component.js.map": 1747991133777,
  "ext/controller/ComponentAssegnaPezze-dbg.js": 1746630469217,
  "ext/controller/ComponentAssegnaPezze.js.map": 1747991133801,
  "ext/controller/CombinedDetail-dbg.controller.js": 1746623457205,
  "ext/controller/CombinedDetail.controller.js.map": 1747991133777,
  "ext/controller/Pezze-dbg.controller.js": 1746630518780,
  "ext/controller/Pezze.controller.js.map": 1747991133799,
  "ext/controller/AssegnaPezze-dbg.js": 1743695661237,
  "i18n/i18n.properties": 1745504181743,
  "ext/main/Main-dbg.controller.js": 1747036041181,
  "ext/main/Main.controller.js.map": 1747991133801,
  "ext/controller/ChangeWorkCenter-dbg.js": 1743587392177,
  "ext/controller/ChangeWorkCenter.js.map": 1747991133784,
  "Component-preload.js": 1747991133885,
  "Component-preload.js.map": 1747991133885,
  "ext/main/Main.view.xml": 1747989416635,
  "ext/fragment/WhereUsed.fragment.xml": 1745486130933,
  "ext/fragment/Pezze.fragment.xml": 1746541988105,
  "ext/fragment/Converti.fragment.xml": 1744304819606,
  "ext/fragment/ChangeWorkCenter.fragment.xml": 1743587672471,
  "ext/fragment/AssegnaPezze.fragment.xml": 1744214552179,
  "css/style.css": 1743775561298,
  "index.html": 1743154843963
}