{
  "ext/fragment/ChangeWorkCenter.fragment.xml": 1743587672471,
  "ext/main/Main.controller.js": 1749027212111,
  "ext/controller/Pezze.controller.js": 1748427123457,
  "ext/controller/ComponentAssegnaPezze.js": 1748427132946,
  "ext/controller/CombinedDetail.controller.js": 1749029062634,
  "ext/controller/ChangeWorkCenter.js": 1743587392177,
  "ext/controller/AssegnaPezze.js": 1743695661237,
  "manifest.json": 1749032090248,
  "Component.js": 1743154843961,
  "Component-dbg.js": 1743154843961,
  "Component.js.map": 1749032090710,
  "ext/controller/Pezze-dbg.controller.js": 1748427123457,
  "ext/controller/Pezze.controller.js.map": 1749032090801,
  "ext/controller/ComponentAssegnaPezze-dbg.js": 1748427132946,
  "ext/controller/ComponentAssegnaPezze.js.map": 1749032090795,
  "ext/controller/CombinedDetail-dbg.controller.js": 1749029062634,
  "ext/controller/CombinedDetail.controller.js.map": 1749032090727,
  "ext/controller/ChangeWorkCenter-dbg.js": 1743587392177,
  "ext/controller/ChangeWorkCenter.js.map": 1749032090722,
  "ext/controller/AssegnaPezze-dbg.js": 1743695661237,
  "ext/controller/AssegnaPezze.js.map": 1749032090735,
  "ext/main/Main-dbg.controller.js": 1749027212111,
  "ext/main/Main.controller.js.map": 1749032090784,
  "Component-preload.js": 1749032091391,
  "Component-preload.js.map": 1749032091391,
  "ext/fragment/WhereUsed.fragment.xml": 1745486130933,
  "ext/fragment/Pezze.fragment.xml": 1746541988105,
  "ext/fragment/Converti.fragment.xml": 1744304819606,
  "i18n/i18n.properties": 1745504181743,
  "ext/fragment/AssegnaPezze.fragment.xml": 1744214552179,
  "ext/main/Main.view.xml": 1749027206649,
  "css/style.css": 1743775561298,
  "index.html": 1743154843963
}