{
  "index.html": 1747130770978,
  "ext/main/Main.controller.js": 1747130770974,
  "ext/controller/Pezze.controller.js": 1747130770974,
  "ext/controller/ComponentAssegnaPezze.js": 1747130770974,
  "ext/controller/CombinedDetail.controller.js": 1747130770974,
  "ext/controller/ChangeWorkCenter.js": 1747130770974,
  "ext/controller/AssegnaPezze.js": 1747130770974,
  "manifest.json": 1747675408494,
  "Component.js": 1747130770974,
  "ext/controller/Pezze-dbg.controller.js": 1747130770974,
  "ext/controller/Pezze.controller.js.map": 1747675408888,
  "ext/main/Main-dbg.controller.js": 1747130770974,
  "ext/main/Main.controller.js.map": 1747675408883,
  "ext/controller/ComponentAssegnaPezze-dbg.js": 1747130770974,
  "ext/controller/ComponentAssegnaPezze.js.map": 1747675408889,
  "ext/controller/CombinedDetail-dbg.controller.js": 1747130770974,
  "ext/controller/CombinedDetail.controller.js.map": 1747675408859,
  "ext/controller/ChangeWorkCenter-dbg.js": 1747130770974,
  "ext/controller/ChangeWorkCenter.js.map": 1747675408863,
  "ext/controller/AssegnaPezze-dbg.js": 1747130770974,
  "ext/controller/AssegnaPezze.js.map": 1747675408870,
  "Component-dbg.js": 1747130770974,
  "Component.js.map": 1747675408872,
  "Component-preload.js": 1747675409134,
  "Component-preload.js.map": 1747675409134,
  "ext/main/Main.view.xml": 1747645638417,
  "ext/fragment/WhereUsed.fragment.xml": 1747130770974,
  "ext/fragment/Pezze.fragment.xml": 1747130770974,
  "ext/fragment/Converti.fragment.xml": 1747130770974,
  "ext/fragment/ChangeWorkCenter.fragment.xml": 1747130770974,
  "ext/fragment/AssegnaPezze.fragment.xml": 1747130770974,
  "css/style.css": 1747130770974,
  "i18n/i18n.properties": 1747130770978
}