<mvc:View xmlns:core="sap.ui.core" xmlns:mvc="sap.ui.core.mvc" xmlns="sap.m" xmlns:macros="sap.fe.macros" xmlns:table="sap.fe.macros.table" xmlns:html="http://www.w3.org/1999/xhtml" controllerName="manageplannedorder.manageplannedorder.ext.main.Main">
    <Page id="Main" title="{i18n>MainTitle}">
        <content>
            <!-- <VBox id="VBOX"> -->
            <macros:FilterBar id="FilterBar" metaPath="/ZZ1_CombinedPlnOrdersAPI/@com.sap.vocabularies.UI.v1.SelectionFields#filterBarMacro"/>
            <!-- icon tab bar -->
            <!-- <IconTabBar id="idIconTabBarInlineMode" headerMode="Inline" expanded="{device>/isNoPhone}" class="sapUiResponsiveContentPadding">
                    <items>
                        <IconTabFilter id="idIconTabFilterCombined" text="Combined" key="combined"> -->
            <macros:Table id="TableCombined" rowCount="20" metaPath="/ZZ1_CombinedPlnOrdersAPI/@com.sap.vocabularies.UI.v1.LineItem#tableMacro" filterBar="FilterBar" header="Combined" selectionMode="ForceMulti" type="ResponsiveTable">
                <!-- <macros:rowCount>
                    <macros:RowCount
                        id="RowCount"
                        text="{i18n>rowCount}"
                        items="{= ${TableCombined>/} ? ${TableCombined>/}.length : 0 }"
                    />
                </macros:rowCount> -->
                <macros:actions>
                    <table:Action id="fragment" press=".pressFragment" text="Crea Commesse" placement="After" key="act1"/>
                    <!-- requiresSelection="true" -->
                </macros:actions>
            </macros:Table>
            <!-- </IconTabFilter>
                        <IconTabFilter id="idIconTabFilterMaster" text="Master" key="master"> -->
            <!-- <macros:Table id="TableMaster" metaPath="/ZZ1_MasterPlannedOrderAPI/@com.sap.vocabularies.UI.v1.LineItem#tableMacro" filterBar="FilterBar" header="Master Planned Order"/> -->
            <!-- </IconTabFilter>
                        <IconTabFilter id="idIconTabFilterOrder" text="Order" key="order"> -->
            <!-- <macros:Table
                                id="TableOrder"
                                metaPath="/ZZ1_PlannedOrdersAPI/@com.sap.vocabularies.UI.v1.LineItem#tableMacro"
                                filterBar="FilterBar"
                                header="Order"
                        
                            > 
                            </macros:Table>-->
            <!-- </IconTabFilter>
                    </items>
                </IconTabBar>
            </VBox> -->
        </content>
    </Page>
</mvc:View>