<core:FragmentDefinition
    xmlns:core="sap.ui.core"
    xmlns="sap.m"
    xmlns:form="sap.ui.layout.form"
>
    <Dialog
        id="_IDGenDialogConversion"
        stretch="true"
        resizable="false"
        type="Message"
        state="Information"
        icon="sap-icon://ai"
        title="Conversion"
    >
        <content>
            <Text
                id="_IDGenTextConversion"
                text="Conversion"
            />
            <form:SimpleForm
                id="SimpleFormConversion"
                columnsM="2"
                columnsL="3"
                columnsXL="4"
                emptySpanL="0"
                emptySpanM="0"
                emptySpanXL="0"
                labelSpanL="12"
                labelSpanM="12"
                labelSpanXL="12"
                visible="true"
                editable="false"
                singleContainerFullSize="false"
                layout="ColumnLayout"
            >
                <Label
                    id="labelTypeOrder"
                    text="Type Order"
                />
                <Input
                    id="inputTypeOrder"
                    value="{selected>/TypeOrder}"
                    maxLength="4"
                />
            </form:SimpleForm>

            <Table id="selectedItemsTableCombined">
                <columns>
                    <Column id="columnPlannedOrder">
                        <Text
                            id="columnPlannedOrderText"
                            text="Planned Order"
                        />
                    </Column>
                    <Column id="columnCrossPlantConfigurableProduct">
                        <Text
                            id="columnCrossPlantConfigurableProductText"
                            text="Cross Plant Configurable Product"
                        />
                    </Column>
                    <Column id="columnOrderType">
                        <Text
                            id="columnOrderTypeText"
                            text="Order Type"
                        />
                    </Column>
                    <Column id="columnPlannedOrderQty">
                        <Text
                            id="columnPlannedOrderQtyText"
                            text="Planned Order Qty"
                        />
                    </Column>
                    <Column id="columnPlndOrderCommittedQtyUnit">
                        <Text
                            id="columnPlndOrderCommittedQtyUnitText"
                            text="Planned Order Committed Qty Unit"
                        />
                    </Column>
                    <Column id="columnPlannedOrderUnit">
                        <Text
                            id="columnPlannedOrderUnitText"
                            text="Planned Order Unit"
                        />
                    </Column>
                </columns>
            </Table>
        </content>
        <buttons>
            <Button
                id="_IDGenBtnConversion"
                text="Converti"
                type="Accept"
                press="doConvert"
            />
            <Button
                id="_IDGenBtnCancelConversion"
                text="Chiudi"
                type="Back"
                press="onCloseDialog"
            />
        </buttons>
    </Dialog>
</core:FragmentDefinition>
